[
    {
        "title": "Data Collection/Curation Story",
        "photoLink": "https://schnablelab.plantgenomics.iastate.edu/images/magazines/data.collection_curation.story.th.jpg",
        "source": "Iowa State University Library",
        "megazineLink": "https://schnablelab.plantgenomics.iastate.edu/docs/media/magazines/data.collection_curation.story.pdf",
        "info": "Fall/Winter 2018"
    },
    {
        "title": "Expanding Potential Exponentially",
        "photoLink": "https://schnablelab.plantgenomics.iastate.edu/images/magazines/Forward.Summer2016.Vol5.No.2.th.jpg",
        "source": "Forward - Iowa State University Foundation",
        "megazineLink": "https://schnablelab.plantgenomics.iastate.edu/docs/media/magazines/Forward.Summer2016.Vol5.No.2.pdf",
        "info": "Volume 5 No. 2 - pp. 12-13"
    }
]