[
    {
        "title": "The Genomes to Fields Initiative (Part I)",
        "date": "01/11/2014",
        "link": "https://schnablelab.plantgenomics.iastate.edu/docs/media/presentations/paper12974_0.pdf"
    },
    {
        "title": "2013 University of Minnesota Plant Breeding Symposium - Innovative Phenotyping: Catching up to the Genomics Era",
        "date": "03/25/2013",
        "link": "https://schnablelab.plantgenomics.iastate.edu/docs/media/presentations/Schnable-UMN-3-25-13.pdf"
    },
    {
        "title": "Mapping for the Future of our Food",
        "date": "07/25/2011",
        "link": "https://www.research.iastate.edu/news/iowa-state-university-leads-new-project-to-build-genome-to-phenome-research-community-across-crops-and-livestock/"
    }
]