[
    {
        "title": "New institute aims to unlock the secrets of corn using artificial intelligence",
        "date": "09/15/2021",
        "link": "https://www.agri-pulse.com/articles/16450-new-institute-aims-to-unlock-the-secrets-of-corn-using-artificial-intelligence"
    },
    {
        "title": "Through uncertainty, plans move research forward -- on campus, at home and around the world",
        "date": "01/26/2021",
        "link": "https://www.news.iastate.edu/news/2021/01/26/researchduringcovid/"
    },
    {
        "title": "Iowa State University Leads New Project to Build \"Genome to Phenome\" Research Community Across Crops and Livestock",
        "date": "09/11/2020",
        "link": "https://www.research.iastate.edu/news/iowa-state-university-leads-new-project-to-build-genome-to-phenome-research-community-across-crops-and-livestock/"
    }
]